Timestamp,User Count,Type,Name,Requests/s,Failures/s,50%,66%,75%,80%,90%,95%,98%,99%,99.9%,99.99%,100%,Total Request Count,Total Failure Count,Total Median Response Time,Total Average Response Time,Total Min Response Time,Total Max Response Time,Total Average Content Size
1779624471,0,,Aggregated,0.000000,0.000000,N/A,N/A,N/A,N/A,N/A,N/A,N/A,N/A,N/A,N/A,N/A,0,0,0,0.0,0,0,0
1779624472,2,,Aggregated,0.000000,0.000000,N/A,N/A,N/A,N/A,N/A,N/A,N/A,N/A,N/A,N/A,N/A,0,0,0,0.0,0,0,0
1779624473,6,,Aggregated,0.000000,0.000000,N/A,N/A,N/A,N/A,N/A,N/A,N/A,N/A,N/A,N/A,N/A,0,0,0,0.0,0,0,0
1779624474,8,,Aggregated,0.000000,0.000000,N/A,N/A,N/A,N/A,N/A,N/A,N/A,N/A,N/A,N/A,N/A,0,0,0,0.0,0,0,0
1779624475,10,,Aggregated,0.000000,0.000000,N/A,N/A,N/A,N/A,N/A,N/A,N/A,N/A,N/A,N/A,N/A,0,0,0,0.0,0,0,0
1779624476,10,,Aggregated,0.000000,0.000000,N/A,N/A,N/A,N/A,N/A,N/A,N/A,N/A,N/A,N/A,N/A,0,0,0,0.0,0,0,0
1779624477,10,,Aggregated,0.000000,0.000000,N/A,N/A,N/A,N/A,N/A,N/A,N/A,N/A,N/A,N/A,N/A,0,0,0,0.0,0,0,0
1779624478,10,,Aggregated,0.000000,0.000000,N/A,N/A,N/A,N/A,N/A,N/A,N/A,N/A,N/A,N/A,N/A,0,0,0,0.0,0,0,0
1779624479,10,,Aggregated,0.000000,0.000000,N/A,N/A,N/A,N/A,N/A,N/A,N/A,N/A,N/A,N/A,N/A,0,0,0,0.0,0,0,0
1779624480,10,,Aggregated,0.000000,0.000000,N/A,N/A,N/A,N/A,N/A,N/A,N/A,N/A,N/A,N/A,N/A,0,0,0,0.0,0,0,0
1779624481,10,,Aggregated,0.000000,0.000000,N/A,N/A,N/A,N/A,N/A,N/A,N/A,N/A,N/A,N/A,N/A,0,0,0,0.0,0,0,0
1779624482,10,,Aggregated,0.000000,0.000000,N/A,N/A,N/A,N/A,N/A,N/A,N/A,N/A,N/A,N/A,N/A,0,0,0,0.0,0,0,0
1779624483,10,,Aggregated,0.000000,0.000000,N/A,N/A,N/A,N/A,N/A,N/A,N/A,N/A,N/A,N/A,N/A,0,0,0,0.0,0,0,0
1779624484,10,,Aggregated,0.000000,0.000000,N/A,N/A,N/A,N/A,N/A,N/A,N/A,N/A,N/A,N/A,N/A,0,0,0,0.0,0,0,0
1779624485,10,,Aggregated,0.000000,0.000000,N/A,N/A,N/A,N/A,N/A,N/A,N/A,N/A,N/A,N/A,N/A,0,0,0,0.0,0,0,0
1779624486,10,,Aggregated,0.000000,0.000000,N/A,N/A,N/A,N/A,N/A,N/A,N/A,N/A,N/A,N/A,N/A,0,0,0,0.0,0,0,0
1779624487,10,,Aggregated,0.000000,0.000000,N/A,N/A,N/A,N/A,N/A,N/A,N/A,N/A,N/A,N/A,N/A,0,0,0,0.0,0,0,0
1779624488,10,,Aggregated,0.000000,0.000000,N/A,N/A,N/A,N/A,N/A,N/A,N/A,N/A,N/A,N/A,N/A,0,0,0,0.0,0,0,0
1779624489,10,,Aggregated,0.000000,0.000000,N/A,N/A,N/A,N/A,N/A,N/A,N/A,N/A,N/A,N/A,N/A,0,0,0,0.0,0,0,0
1779624490,10,,Aggregated,0.000000,0.000000,N/A,N/A,N/A,N/A,N/A,N/A,N/A,N/A,N/A,N/A,N/A,0,0,0,0.0,0,0,0
1779624491,10,,Aggregated,0.000000,0.000000,N/A,N/A,N/A,N/A,N/A,N/A,N/A,N/A,N/A,N/A,N/A,0,0,0,0.0,0,0,0
1779624492,10,,Aggregated,0.000000,0.000000,N/A,N/A,N/A,N/A,N/A,N/A,N/A,N/A,N/A,N/A,N/A,0,0,0,0.0,0,0,0
1779624493,10,,Aggregated,0.000000,0.000000,N/A,N/A,N/A,N/A,N/A,N/A,N/A,N/A,N/A,N/A,N/A,0,0,0,0.0,0,0,0
1779624494,10,,Aggregated,0.000000,0.000000,N/A,N/A,N/A,N/A,N/A,N/A,N/A,N/A,N/A,N/A,N/A,0,0,0,0.0,0,0,0
1779624495,10,,Aggregated,0.000000,0.000000,N/A,N/A,N/A,N/A,N/A,N/A,N/A,N/A,N/A,N/A,N/A,0,0,0,0.0,0,0,0
1779624496,10,,Aggregated,0.000000,0.000000,N/A,N/A,N/A,N/A,N/A,N/A,N/A,N/A,N/A,N/A,N/A,0,0,0,0.0,0,0,0
1779624497,10,,Aggregated,0.000000,0.000000,N/A,N/A,N/A,N/A,N/A,N/A,N/A,N/A,N/A,N/A,N/A,0,0,0,0.0,0,0,0
1779624498,10,,Aggregated,0.000000,0.000000,N/A,N/A,N/A,N/A,N/A,N/A,N/A,N/A,N/A,N/A,N/A,0,0,0,0.0,0,0,0
1779624499,10,,Aggregated,0.000000,0.000000,N/A,N/A,N/A,N/A,N/A,N/A,N/A,N/A,N/A,N/A,N/A,0,0,0,0.0,0,0,0
1779624500,10,,Aggregated,0.000000,0.000000,N/A,N/A,N/A,N/A,N/A,N/A,N/A,N/A,N/A,N/A,N/A,0,0,0,0.0,0,0,0
1779624501,10,,Aggregated,0.000000,0.000000,N/A,N/A,N/A,N/A,N/A,N/A,N/A,N/A,N/A,N/A,N/A,0,0,0,0.0,0,0,0
1779624502,10,,Aggregated,0.000000,0.000000,27000,27000,27000,27000,27000,27000,27000,27000,27000,27000,27000,1,0,27459.80269998836,27459.80269998836,27459.80269998836,27459.80269998836,4626.0
1779624503,10,,Aggregated,0.000000,0.000000,27000,27000,27000,27000,27000,27000,27000,27000,27000,27000,27000,1,0,27459.80269998836,27459.80269998836,27459.80269998836,27459.80269998836,4626.0
1779624504,10,,Aggregated,0.000000,0.000000,27000,27000,27000,27000,27000,27000,27000,27000,27000,27000,27000,1,0,27459.80269998836,27459.80269998836,27459.80269998836,27459.80269998836,4626.0
1779624505,10,,Aggregated,0.000000,0.000000,27000,27000,27000,27000,27000,27000,27000,27000,27000,27000,27000,1,0,27459.80269998836,27459.80269998836,27459.80269998836,27459.80269998836,4626.0
1779624506,10,,Aggregated,0.000000,0.000000,27000,27000,27000,27000,27000,27000,27000,27000,27000,27000,27000,1,0,27459.80269998836,27459.80269998836,27459.80269998836,27459.80269998836,4626.0
1779624507,10,,Aggregated,0.000000,0.000000,27000,27000,27000,27000,27000,27000,27000,27000,27000,27000,27000,1,0,27459.80269998836,27459.80269998836,27459.80269998836,27459.80269998836,4626.0
1779624508,10,,Aggregated,0.000000,0.000000,27000,27000,27000,27000,27000,27000,27000,27000,27000,27000,27000,1,0,27459.80269998836,27459.80269998836,27459.80269998836,27459.80269998836,4626.0
1779624509,10,,Aggregated,0.000000,0.000000,27000,27000,27000,27000,27000,27000,27000,27000,27000,27000,27000,1,0,27459.80269998836,27459.80269998836,27459.80269998836,27459.80269998836,4626.0
1779624510,10,,Aggregated,0.100000,0.000000,39000,39000,39000,39000,39000,39000,39000,39000,39000,39000,39000,2,0,27459.80269998836,32982.72829999769,27459.80269998836,38505.65390000702,4902.5
1779624511,10,,Aggregated,0.100000,0.000000,39000,39000,39000,39000,39000,39000,39000,39000,39000,39000,39000,2,0,27459.80269998836,32982.72829999769,27459.80269998836,38505.65390000702,4902.5
1779624512,10,,Aggregated,0.100000,0.000000,27000,27000,39000,39000,39000,39000,39000,39000,39000,39000,39000,3,0,27000,22077.920566667064,268.30510000581853,38505.65390000702,4242.666666666667
1779624513,10,,Aggregated,0.100000,0.000000,27000,27000,39000,39000,39000,39000,39000,39000,39000,39000,39000,3,0,27000,22077.920566667064,268.30510000581853,38505.65390000702,4242.666666666667
1779624514,10,,Aggregated,0.200000,0.000000,39000,39000,43000,43000,43000,43000,43000,43000,43000,43000,43000,4,0,27000,27220.673499999975,268.30510000581853,42648.932299998705,4683.5
1779624515,10,,Aggregated,0.200000,0.000000,39000,39000,43000,43000,43000,43000,43000,43000,43000,43000,43000,4,0,27000,27220.673499999975,268.30510000581853,42648.932299998705,4683.5
1779624516,10,,Aggregated,0.200000,0.000000,39000,39000,43000,43000,43000,43000,43000,43000,43000,43000,43000,4,0,27000,27220.673499999975,268.30510000581853,42648.932299998705,4683.5
1779624517,10,,Aggregated,0.200000,0.000000,39000,39000,43000,43000,43000,43000,43000,43000,43000,43000,43000,4,0,27000,27220.673499999975,268.30510000581853,42648.932299998705,4683.5
1779624518,10,,Aggregated,0.300000,0.000000,39000,43000,43000,46000,46000,46000,46000,46000,46000,46000,46000,5,0,39000,30948.03888000024,268.30510000581853,45857.5004000013,4584.0
1779624520,10,,Aggregated,0.300000,0.000000,39000,43000,43000,46000,46000,46000,46000,46000,46000,46000,46000,5,0,39000,30948.03888000024,268.30510000581853,45857.5004000013,4584.0
1779624521,10,,Aggregated,0.300000,0.000000,39000,43000,43000,46000,46000,46000,46000,46000,46000,46000,46000,5,0,39000,30948.03888000024,268.30510000581853,45857.5004000013,4584.0
1779624522,10,,Aggregated,0.400000,0.000000,43000,43000,46000,46000,49000,49000,49000,49000,49000,49000,49000,6,0,39000,33948.769533332474,268.30510000581853,48952.422799993656,4633.333333333333
1779624523,10,,Aggregated,0.400000,0.000000,43000,43000,46000,46000,49000,49000,49000,49000,49000,49000,49000,6,0,39000,33948.769533332474,268.30510000581853,48952.422799993656,4633.333333333333
1779624524,10,,Aggregated,0.400000,0.000000,43000,43000,46000,46000,49000,49000,49000,49000,49000,49000,49000,6,0,39000,33948.769533332474,268.30510000581853,48952.422799993656,4633.333333333333
1779624525,10,,Aggregated,0.400000,0.000000,43000,43000,46000,46000,49000,49000,49000,49000,49000,49000,49000,6,0,39000,33948.769533332474,268.30510000581853,48952.422799993656,4633.333333333333
1779624526,10,,Aggregated,0.400000,0.000000,43000,43000,46000,46000,49000,49000,49000,49000,49000,49000,49000,6,0,39000,33948.769533332474,268.30510000581853,48952.422799993656,4633.333333333333
1779624527,10,,Aggregated,0.400000,0.000000,43000,43000,46000,46000,49000,49000,49000,49000,49000,49000,49000,6,0,39000,33948.769533332474,268.30510000581853,48952.422799993656,4633.333333333333
1779624528,10,,Aggregated,0.400000,0.000000,43000,43000,46000,46000,49000,49000,49000,49000,49000,49000,49000,6,0,39000,33948.769533332474,268.30510000581853,48952.422799993656,4633.333333333333
1779624529,10,,Aggregated,0.200000,0.000000,43000,46000,49000,49000,55000,55000,55000,55000,55000,55000,55000,7,0,43000,36919.88378571322,268.30510000581853,54746.569299997645,4653.571428571428
1779624530,10,,Aggregated,0.200000,0.000000,43000,46000,49000,49000,55000,55000,55000,55000,55000,55000,55000,7,0,43000,36919.88378571322,268.30510000581853,54746.569299997645,4653.571428571428
1779624531,10,,Aggregated,0.200000,0.000000,43000,46000,49000,49000,55000,55000,55000,55000,55000,55000,55000,7,0,43000,36919.88378571322,268.30510000581853,54746.569299997645,4653.571428571428
1779624532,10,,Aggregated,0.200000,0.000000,46000,49000,55000,55000,58000,58000,58000,58000,58000,58000,58000,8,0,43000,39577.628887500396,268.30510000581853,58181.84460001066,4754.125
1779624533,10,,Aggregated,0.200000,0.000000,46000,49000,55000,55000,58000,58000,58000,58000,58000,58000,58000,8,0,43000,39577.628887500396,268.30510000581853,58181.84460001066,4754.125
1779624534,10,,Aggregated,0.200000,0.000000,46000,49000,55000,58000,59000,59000,59000,59000,59000,59000,59000,9,0,46000,41749.578888888616,268.30510000581853,59125.17889999435,4811.333333333333
1779624535,10,,Aggregated,0.200000,0.000000,46000,49000,55000,58000,59000,59000,59000,59000,59000,59000,59000,9,0,46000,41749.578888888616,268.30510000581853,59125.17889999435,4811.333333333333
1779624536,10,,Aggregated,0.200000,0.000000,46000,49000,55000,58000,59000,59000,59000,59000,59000,59000,59000,9,0,46000,41749.578888888616,268.30510000581853,59125.17889999435,4811.333333333333
1779624537,10,,Aggregated,0.200000,0.000000,46000,49000,55000,58000,59000,59000,59000,59000,59000,59000,59000,9,0,46000,41749.578888888616,268.30510000581853,59125.17889999435,4811.333333333333
1779624538,10,,Aggregated,0.200000,0.000000,46000,49000,55000,58000,59000,59000,59000,59000,59000,59000,59000,9,0,46000,41749.578888888616,268.30510000581853,59125.17889999435,4811.333333333333
1779624539,10,,Aggregated,0.200000,0.000000,46000,49000,55000,58000,59000,59000,59000,59000,59000,59000,59000,9,0,46000,41749.578888888616,268.30510000581853,59125.17889999435,4811.333333333333
1779624540,10,,Aggregated,0.200000,0.000000,46000,49000,55000,58000,59000,59000,59000,59000,59000,59000,59000,9,0,46000,41749.578888888616,268.30510000581853,59125.17889999435,4811.333333333333
1779624541,10,,Aggregated,0.200000,0.000000,46000,49000,55000,58000,59000,59000,59000,59000,59000,59000,59000,9,0,46000,41749.578888888616,268.30510000581853,59125.17889999435,4811.333333333333
1779624542,10,,Aggregated,0.200000,0.000000,49000,58000,59000,59000,66000,66000,66000,66000,66000,66000,66000,11,0,49000,46152.376409089564,268.30510000581853,66105.42789999454,4722.818181818182
1779624543,10,,Aggregated,0.200000,0.000000,49000,58000,59000,59000,66000,66000,66000,66000,66000,66000,66000,11,0,49000,46152.376409089564,268.30510000581853,66105.42789999454,4722.818181818182
1779624544,10,,Aggregated,0.200000,0.000000,49000,58000,59000,59000,66000,66000,66000,66000,66000,66000,66000,11,0,49000,46152.376409089564,268.30510000581853,66105.42789999454,4722.818181818182
1779624545,10,,Aggregated,0.200000,0.000000,49000,58000,59000,59000,66000,66000,66000,66000,66000,66000,66000,11,0,49000,46152.376409089564,268.30510000581853,66105.42789999454,4722.818181818182
1779624546,10,,Aggregated,0.200000,0.000000,49000,58000,59000,59000,66000,66000,66000,66000,66000,66000,66000,11,0,49000,46152.376409089564,268.30510000581853,66105.42789999454,4722.818181818182
1779624547,10,,Aggregated,0.200000,0.000000,49000,58000,59000,59000,66000,66000,66000,66000,66000,66000,66000,11,0,49000,46152.376409089564,268.30510000581853,66105.42789999454,4722.818181818182
1779624548,10,,Aggregated,0.200000,0.000000,49000,58000,59000,59000,66000,66000,66000,66000,66000,66000,66000,11,0,49000,46152.376409089564,268.30510000581853,66105.42789999454,4722.818181818182
1779624549,10,,Aggregated,0.200000,0.000000,49000,58000,59000,59000,66000,66000,66000,66000,66000,66000,66000,11,0,49000,46152.376409089564,268.30510000581853,66105.42789999454,4722.818181818182
1779624550,10,,Aggregated,0.200000,0.000000,49000,58000,59000,59000,66000,66000,66000,66000,66000,66000,66000,11,0,49000,46152.376409089564,268.30510000581853,66105.42789999454,4722.818181818182
1779624551,10,,Aggregated,0.200000,0.000000,49000,58000,59000,59000,66000,66000,66000,66000,66000,66000,66000,11,0,49000,46152.376409089564,268.30510000581853,66105.42789999454,4722.818181818182
1779624552,10,,Aggregated,0.200000,0.000000,49000,58000,59000,59000,66000,66000,66000,66000,66000,66000,66000,11,0,49000,46152.376409089564,268.30510000581853,66105.42789999454,4722.818181818182
1779624553,10,,Aggregated,0.200000,0.000000,49000,58000,59000,59000,66000,66000,66000,66000,66000,66000,66000,11,0,49000,46152.376409089564,268.30510000581853,66105.42789999454,4722.818181818182
1779624554,10,,Aggregated,0.200000,0.000000,49000,55000,59000,59000,66000,66000,66000,66000,66000,66000,66000,12,0,46000,44226.778283332045,268.30510000581853,66105.42789999454,4722.25
1779624555,10,,Aggregated,0.200000,0.000000,49000,55000,59000,59000,66000,66000,66000,66000,66000,66000,66000,12,0,46000,44226.778283332045,268.30510000581853,66105.42789999454,4722.25
1779624556,10,,Aggregated,0.200000,0.000000,49000,55000,59000,59000,66000,66000,66000,66000,66000,66000,66000,12,0,46000,44226.778283332045,268.30510000581853,66105.42789999454,4722.25
1779624557,10,,Aggregated,0.200000,0.000000,49000,55000,59000,59000,66000,66000,66000,66000,66000,66000,66000,12,0,46000,44226.778283332045,268.30510000581853,66105.42789999454,4722.25
1779624558,10,,Aggregated,0.100000,0.000000,49000,55000,58000,59000,66000,66000,66000,66000,66000,66000,66000,13,0,49000,44996.664084615004,268.30510000581853,66105.42789999454,4827.923076923077
1779624559,10,,Aggregated,0.100000,0.000000,49000,55000,58000,59000,66000,66000,66000,66000,66000,66000,66000,13,0,49000,44996.664084615004,268.30510000581853,66105.42789999454,4827.923076923077
1779624560,10,,Aggregated,0.100000,0.000000,49000,55000,58000,59000,66000,66000,66000,66000,66000,66000,66000,13,0,49000,44996.664084615004,268.30510000581853,66105.42789999454,4827.923076923077
1779624561,10,,Aggregated,0.100000,0.000000,49000,55000,58000,59000,66000,66000,66000,66000,66000,66000,66000,13,0,49000,44996.664084615004,268.30510000581853,66105.42789999454,4827.923076923077
1779624562,10,,Aggregated,0.100000,0.000000,49000,55000,58000,59000,66000,66000,66000,66000,66000,66000,66000,13,0,49000,44996.664084615004,268.30510000581853,66105.42789999454,4827.923076923077
1779624563,10,,Aggregated,0.200000,0.000000,49000,55000,58000,59000,66000,66000,66000,66000,66000,66000,66000,14,0,46000,43948.92710714235,268.30510000581853,66105.42789999454,4934.785714285715
1779624564,10,,Aggregated,0.200000,0.000000,49000,55000,58000,59000,66000,66000,66000,66000,66000,66000,66000,14,0,46000,43948.92710714235,268.30510000581853,66105.42789999454,4934.785714285715
1779624565,10,,Aggregated,0.200000,0.000000,46000,54000,58000,59000,66000,66000,66000,66000,66000,66000,66000,15,0,46000,42899.473073332534,268.30510000581853,66105.42789999454,4867.933333333333
1779624566,10,,Aggregated,0.200000,0.000000,46000,54000,58000,59000,66000,66000,66000,66000,66000,66000,66000,15,0,46000,42899.473073332534,268.30510000581853,66105.42789999454,4867.933333333333
1779624567,10,,Aggregated,0.200000,0.000000,46000,54000,58000,59000,66000,66000,66000,66000,66000,66000,66000,15,0,46000,42899.473073332534,268.30510000581853,66105.42789999454,4867.933333333333
1779624568,10,,Aggregated,0.200000,0.000000,46000,54000,58000,59000,66000,66000,66000,66000,66000,66000,66000,15,0,46000,42899.473073332534,268.30510000581853,66105.42789999454,4867.933333333333
1779624569,10,,Aggregated,0.200000,0.000000,46000,54000,58000,59000,66000,66000,66000,66000,66000,66000,66000,15,0,46000,42899.473073332534,268.30510000581853,66105.42789999454,4867.933333333333
1779624570,10,,Aggregated,0.200000,0.000000,46000,54000,58000,59000,66000,66000,66000,66000,66000,66000,66000,15,0,46000,42899.473073332534,268.30510000581853,66105.42789999454,4867.933333333333
1779624571,10,,Aggregated,0.200000,0.000000,46000,54000,58000,59000,66000,66000,66000,66000,66000,66000,66000,15,0,46000,42899.473073332534,268.30510000581853,66105.42789999454,4867.933333333333
1779624572,10,,Aggregated,0.200000,0.000000,49000,55000,58000,58000,66000,66000,66000,66000,66000,66000,66000,16,0,46000,43870.256237499234,268.30510000581853,66105.42789999454,4868.6875
1779624573,10,,Aggregated,0.200000,0.000000,49000,55000,58000,58000,66000,66000,66000,66000,66000,66000,66000,16,0,46000,43870.256237499234,268.30510000581853,66105.42789999454,4868.6875
1779624574,10,,Aggregated,0.200000,0.000000,49000,55000,58000,58000,66000,66000,66000,66000,66000,66000,66000,16,0,46000,43870.256237499234,268.30510000581853,66105.42789999454,4868.6875
1779624575,10,,Aggregated,0.200000,0.000000,49000,55000,58000,58000,66000,66000,66000,66000,66000,66000,66000,16,0,46000,43870.256237499234,268.30510000581853,66105.42789999454,4868.6875
1779624576,10,,Aggregated,0.200000,0.000000,49000,58000,58000,59000,66000,66000,66000,66000,66000,66000,66000,17,0,49000,44837.590005881364,268.30510000581853,66105.42789999454,4869.35294117647
1779624577,10,,Aggregated,0.200000,0.000000,49000,58000,58000,59000,66000,66000,66000,66000,66000,66000,66000,17,0,49000,44837.590005881364,268.30510000581853,66105.42789999454,4869.35294117647
1779624578,10,,Aggregated,0.200000,0.000000,49000,58000,58000,59000,66000,66000,66000,66000,66000,66000,66000,17,0,49000,44837.590005881364,268.30510000581853,66105.42789999454,4869.35294117647
1779624579,10,,Aggregated,0.200000,0.000000,49000,58000,58000,59000,66000,66000,66000,66000,66000,66000,66000,17,0,49000,44837.590005881364,268.30510000581853,66105.42789999454,4869.35294117647
1779624580,10,,Aggregated,0.200000,0.000000,49000,58000,58000,59000,66000,66000,66000,66000,66000,66000,66000,17,0,49000,44837.590005881364,268.30510000581853,66105.42789999454,4869.35294117647
1779624581,10,,Aggregated,0.200000,0.000000,49000,58000,59000,60000,66000,66000,66000,66000,66000,66000,66000,19,0,49000,45310.72076841941,268.30510000581853,66105.42789999454,4946.473684210527
1779624582,10,,Aggregated,0.200000,0.000000,49000,58000,59000,60000,66000,66000,66000,66000,66000,66000,66000,19,0,49000,45310.72076841941,268.30510000581853,66105.42789999454,4946.473684210527
1779624583,10,,Aggregated,0.200000,0.000000,49000,58000,59000,60000,66000,66000,66000,66000,66000,66000,66000,19,0,49000,45310.72076841941,268.30510000581853,66105.42789999454,4946.473684210527
1779624584,10,,Aggregated,0.200000,0.000000,49000,58000,59000,60000,66000,66000,66000,66000,66000,66000,66000,19,0,49000,45310.72076841941,268.30510000581853,66105.42789999454,4946.473684210527
1779624585,10,,Aggregated,0.200000,0.000000,49000,58000,59000,60000,66000,66000,66000,66000,66000,66000,66000,19,0,49000,45310.72076841941,268.30510000581853,66105.42789999454,4946.473684210527
1779624586,10,,Aggregated,0.200000,0.000000,49000,58000,59000,60000,66000,66000,66000,66000,66000,66000,66000,19,0,49000,45310.72076841941,268.30510000581853,66105.42789999454,4946.473684210527
1779624587,10,,Aggregated,0.200000,0.000000,49000,58000,59000,60000,66000,66000,66000,66000,66000,66000,66000,19,0,49000,45310.72076841941,268.30510000581853,66105.42789999454,4946.473684210527
1779624588,10,,Aggregated,0.200000,0.000000,49000,58000,59000,60000,66000,66000,66000,66000,66000,66000,66000,19,0,49000,45310.72076841941,268.30510000581853,66105.42789999454,4946.473684210527
1779624589,10,,Aggregated,0.200000,0.000000,54000,58000,60000,61000,66000,66000,66000,66000,66000,66000,66000,20,0,49000,46322.5078749987,268.30510000581853,66105.42789999454,4951.05
1779624590,10,,Aggregated,0.200000,0.000000,54000,58000,60000,61000,66000,66000,66000,66000,66000,66000,66000,20,0,49000,46322.5078749987,268.30510000581853,66105.42789999454,4951.05
1779624591,10,,Aggregated,0.200000,0.000000,54000,58000,60000,61000,66000,66000,66000,66000,66000,66000,66000,20,0,49000,46322.5078749987,268.30510000581853,66105.42789999454,4951.05
1779624592,10,,Aggregated,0.200000,0.000000,54000,58000,60000,61000,66000,66000,66000,66000,66000,66000,66000,20,0,49000,46322.5078749987,268.30510000581853,66105.42789999454,4951.05
1779624593,10,,Aggregated,0.200000,0.000000,54000,58000,60000,61000,66000,66000,66000,66000,66000,66000,66000,20,0,49000,46322.5078749987,268.30510000581853,66105.42789999454,4951.05
1779624594,10,,Aggregated,0.200000,0.000000,54000,58000,60000,61000,66000,66000,66000,66000,66000,66000,66000,20,0,49000,46322.5078749987,268.30510000581853,66105.42789999454,4951.05
1779624595,10,,Aggregated,0.200000,0.000000,54000,58000,60000,61000,66000,66000,66000,66000,66000,66000,66000,20,0,49000,46322.5078749987,268.30510000581853,66105.42789999454,4951.05
1779624596,10,,Aggregated,0.200000,0.000000,54000,58000,60000,61000,66000,66000,66000,66000,66000,66000,66000,20,0,49000,46322.5078749987,268.30510000581853,66105.42789999454,4951.05
1779624597,10,,Aggregated,0.200000,0.000000,54000,58000,60000,61000,66000,66000,66000,66000,66000,66000,66000,20,0,49000,46322.5078749987,268.30510000581853,66105.42789999454,4951.05
1779624598,10,,Aggregated,0.100000,0.000000,54000,58000,59000,60000,66000,66000,66000,66000,66000,66000,66000,21,0,54000,46695.957666665585,268.30510000581853,66105.42789999454,4918.9047619047615
1779624599,10,,Aggregated,0.100000,0.000000,54000,58000,59000,60000,66000,66000,66000,66000,66000,66000,66000,21,0,54000,46695.957666665585,268.30510000581853,66105.42789999454,4918.9047619047615
1779624600,10,,Aggregated,0.100000,0.000000,54000,58000,59000,60000,66000,66000,66000,66000,66000,66000,66000,21,0,54000,46695.957666665585,268.30510000581853,66105.42789999454,4918.9047619047615
1779624601,10,,Aggregated,0.100000,0.000000,54000,58000,59000,60000,66000,66000,66000,66000,66000,66000,66000,21,0,54000,46695.957666665585,268.30510000581853,66105.42789999454,4918.9047619047615
1779624602,10,,Aggregated,0.100000,0.000000,54000,58000,59000,60000,66000,66000,66000,66000,66000,66000,66000,21,0,54000,46695.957666665585,268.30510000581853,66105.42789999454,4918.9047619047615
1779624603,10,,Aggregated,0.100000,0.000000,54000,58000,59000,60000,66000,66000,66000,66000,66000,66000,66000,21,0,54000,46695.957666665585,268.30510000581853,66105.42789999454,4918.9047619047615
1779624604,10,,Aggregated,0.100000,0.000000,54000,58000,59000,60000,66000,66000,66000,66000,66000,66000,66000,21,0,54000,46695.957666665585,268.30510000581853,66105.42789999454,4918.9047619047615
1779624605,10,,Aggregated,0.100000,0.000000,54000,58000,59000,60000,66000,66000,66000,66000,66000,66000,66000,21,0,54000,46695.957666665585,268.30510000581853,66105.42789999454,4918.9047619047615
1779624606,10,,Aggregated,0.100000,0.000000,54000,58000,59000,60000,66000,66000,66000,66000,66000,66000,66000,21,0,54000,46695.957666665585,268.30510000581853,66105.42789999454,4918.9047619047615
1779624607,10,,Aggregated,0.100000,0.000000,54000,58000,59000,60000,66000,66000,66000,66000,66000,66000,66000,22,0,51000,46873.69462272644,268.30510000581853,66105.42789999454,4947.5
1779624608,10,,Aggregated,0.100000,0.000000,54000,58000,59000,60000,66000,66000,66000,66000,66000,66000,66000,22,0,51000,46873.69462272644,268.30510000581853,66105.42789999454,4947.5
1779624609,10,,Aggregated,0.100000,0.000000,54000,58000,59000,60000,66000,66000,66000,66000,66000,66000,66000,22,0,51000,46873.69462272644,268.30510000581853,66105.42789999454,4947.5
1779624610,10,,Aggregated,0.200000,0.000000,51000,58000,59000,60000,66000,66000,66000,66000,66000,66000,66000,23,0,51000,46017.70902608658,268.30510000581853,66105.42789999454,4918.913043478261
1779624611,10,,Aggregated,0.200000,0.000000,51000,58000,59000,60000,66000,66000,66000,66000,66000,66000,66000,23,0,51000,46017.70902608658,268.30510000581853,66105.42789999454,4918.913043478261
1779624612,10,,Aggregated,0.200000,0.000000,51000,58000,59000,60000,66000,66000,66000,66000,66000,66000,66000,23,0,51000,46017.70902608658,268.30510000581853,66105.42789999454,4918.913043478261
1779624613,10,,Aggregated,0.200000,0.000000,51000,58000,59000,60000,66000,66000,66000,66000,66000,66000,66000,23,0,51000,46017.70902608658,268.30510000581853,66105.42789999454,4918.913043478261
1779624614,10,,Aggregated,0.200000,0.000000,51000,58000,59000,60000,66000,66000,66000,66000,66000,66000,66000,23,0,51000,46017.70902608658,268.30510000581853,66105.42789999454,4918.913043478261
1779624615,10,,Aggregated,0.200000,0.000000,51000,58000,59000,60000,66000,66000,66000,66000,66000,66000,66000,23,0,51000,46017.70902608658,268.30510000581853,66105.42789999454,4918.913043478261
1779624616,10,,Aggregated,0.200000,0.000000,51000,58000,59000,60000,66000,66000,66000,66000,66000,66000,66000,23,0,51000,46017.70902608658,268.30510000581853,66105.42789999454,4918.913043478261
1779624617,10,,Aggregated,0.200000,0.000000,54000,57000,59000,60000,66000,66000,66000,66000,66000,66000,66000,24,0,51000,46486.82024583287,268.30510000581853,66105.42789999454,4923.875
1779624618,10,,Aggregated,0.200000,0.000000,53000,57000,58000,60000,66000,66000,66000,66000,66000,66000,66000,25,0,53000,46736.65610799974,268.30510000581853,66105.42789999454,4948.84
1779624619,10,,Aggregated,0.200000,0.000000,53000,57000,58000,60000,66000,66000,66000,66000,66000,66000,66000,25,0,53000,46736.65610799974,268.30510000581853,66105.42789999454,4948.84
1779624620,10,,Aggregated,0.200000,0.000000,53000,57000,58000,60000,66000,66000,66000,66000,66000,66000,66000,25,0,53000,46736.65610799974,268.30510000581853,66105.42789999454,4948.84
1779624621,10,,Aggregated,0.200000,0.000000,53000,57000,58000,60000,66000,66000,66000,66000,66000,66000,66000,25,0,53000,46736.65610799974,268.30510000581853,66105.42789999454,4948.84
1779624622,10,,Aggregated,0.300000,0.000000,54000,57000,58000,59000,66000,66000,66000,66000,66000,66000,66000,26,0,53000,47057.474176922726,268.30510000581853,66105.42789999454,4961.153846153846
1779624623,10,,Aggregated,0.300000,0.000000,54000,57000,58000,59000,66000,66000,66000,66000,66000,66000,66000,26,0,53000,47057.474176922726,268.30510000581853,66105.42789999454,4961.153846153846
1779624624,10,,Aggregated,0.200000,0.000000,53000,55000,58000,59000,66000,66000,66000,66000,66000,66000,66000,28,0,51000,44536.75246428559,4.728600004455075,66105.42789999454,4937.035714285715
1779624625,10,,Aggregated,0.200000,0.000000,53000,55000,58000,59000,66000,66000,66000,66000,66000,66000,66000,28,0,51000,44536.75246428559,4.728600004455075,66105.42789999454,4937.035714285715
1779624626,10,,Aggregated,0.200000,0.000000,53000,55000,58000,59000,66000,66000,66000,66000,66000,66000,66000,28,0,51000,44536.75246428559,4.728600004455075,66105.42789999454,4937.035714285715
1779624627,10,,Aggregated,0.200000,0.000000,53000,55000,58000,59000,66000,66000,66000,66000,66000,66000,66000,28,0,51000,44536.75246428559,4.728600004455075,66105.42789999454,4937.035714285715
1779624628,10,,Aggregated,0.200000,0.000000,53000,55000,58000,59000,66000,66000,66000,66000,66000,66000,66000,28,0,51000,44536.75246428559,4.728600004455075,66105.42789999454,4937.035714285715
1779624629,10,,Aggregated,0.200000,0.000000,53000,55000,58000,59000,66000,66000,66000,66000,66000,66000,66000,28,0,51000,44536.75246428559,4.728600004455075,66105.42789999454,4937.035714285715
1779624630,10,,Aggregated,0.400000,0.000000,53000,56000,58000,59000,66000,66000,66000,66000,66000,66000,66000,29,0,53000,44939.75567241383,4.728600004455075,66105.42789999454,4977.0
1779624631,10,,Aggregated,0.400000,0.000000,53000,56000,58000,59000,66000,66000,66000,66000,66000,66000,66000,29,0,53000,44939.75567241383,4.728600004455075,66105.42789999454,4977.0
1779624632,10,,Aggregated,0.400000,0.000000,53000,56000,58000,59000,66000,66000,66000,66000,66000,66000,66000,29,0,53000,44939.75567241383,4.728600004455075,66105.42789999454,4977.0
1779624633,10,,Aggregated,0.400000,0.000000,53000,56000,58000,59000,66000,66000,66000,66000,66000,66000,66000,29,0,53000,44939.75567241383,4.728600004455075,66105.42789999454,4977.0
1779624634,10,,Aggregated,0.400000,0.000000,54000,56000,58000,59000,66000,66000,66000,66000,66000,66000,66000,30,0,53000,45294.79132000028,4.728600004455075,66105.42789999454,4973.266666666666
1779624635,10,,Aggregated,0.300000,0.000000,53000,56000,58000,58000,61000,66000,66000,66000,66000,66000,66000,31,0,53000,43838.80861935482,4.728600004455075,66105.42789999454,4907.129032258064
1779624636,10,,Aggregated,0.300000,0.000000,53000,56000,58000,58000,61000,66000,66000,66000,66000,66000,66000,31,0,53000,43838.80861935482,4.728600004455075,66105.42789999454,4907.129032258064
1779624637,10,,Aggregated,0.300000,0.000000,53000,56000,58000,58000,61000,66000,66000,66000,66000,66000,66000,31,0,53000,43838.80861935482,4.728600004455075,66105.42789999454,4907.129032258064
1779624638,10,,Aggregated,0.300000,0.000000,53000,56000,58000,58000,61000,66000,66000,66000,66000,66000,66000,31,0,53000,43838.80861935482,4.728600004455075,66105.42789999454,4907.129032258064
1779624639,10,,Aggregated,0.300000,0.000000,54000,56000,58000,58000,61000,66000,66000,66000,66000,66000,66000,32,0,53000,44259.347143749896,4.728600004455075,66105.42789999454,4938.8125
1779624640,10,,Aggregated,0.300000,0.000000,53000,56000,57000,58000,61000,66000,66000,66000,66000,66000,66000,33,0,53000,42928.67782424252,4.728600004455075,66105.42789999454,4877.727272727273
1779624642,10,,Aggregated,0.300000,0.000000,53000,56000,57000,58000,61000,66000,66000,66000,66000,66000,66000,33,0,53000,42928.67782424252,4.728600004455075,66105.42789999454,4877.727272727273
1779624643,10,,Aggregated,0.300000,0.000000,53000,56000,57000,58000,61000,66000,66000,66000,66000,66000,66000,33,0,53000,42928.67782424252,4.728600004455075,66105.42789999454,4877.727272727273
1779624644,10,,Aggregated,0.400000,0.000000,53000,56000,57000,58000,61000,66000,66000,66000,66000,66000,66000,34,0,52000,43204.507832353345,4.728600004455075,66105.42789999454,4897.441176470588
1779624645,10,,Aggregated,0.400000,0.000000,53000,56000,57000,58000,61000,66000,66000,66000,66000,66000,66000,34,0,52000,43204.507832353345,4.728600004455075,66105.42789999454,4897.441176470588
1779624646,10,,Aggregated,0.400000,0.000000,53000,56000,57000,58000,61000,66000,66000,66000,66000,66000,66000,34,0,52000,43204.507832353345,4.728600004455075,66105.42789999454,4897.441176470588
1779624647,10,,Aggregated,0.400000,0.000000,52000,56000,57000,58000,61000,66000,66000,66000,66000,66000,66000,35,0,52000,42802.28910857197,4.728600004455075,66105.42789999454,4938.457142857143
1779624648,10,,Aggregated,0.400000,0.000000,52000,56000,57000,58000,61000,66000,66000,66000,66000,66000,66000,35,0,52000,42802.28910857197,4.728600004455075,66105.42789999454,4938.457142857143
1779624649,10,,Aggregated,0.400000,0.000000,52000,56000,57000,58000,61000,66000,66000,66000,66000,66000,66000,35,0,52000,42802.28910857197,4.728600004455075,66105.42789999454,4938.457142857143
1779624650,10,,Aggregated,0.400000,0.000000,52000,56000,57000,58000,61000,66000,66000,66000,66000,66000,66000,35,0,52000,42802.28910857197,4.728600004455075,66105.42789999454,4938.457142857143
1779624651,10,,Aggregated,0.400000,0.000000,52000,56000,57000,58000,61000,66000,66000,66000,66000,66000,66000,35,0,52000,42802.28910857197,4.728600004455075,66105.42789999454,4938.457142857143
1779624652,10,,Aggregated,0.400000,0.000000,52000,56000,57000,58000,61000,66000,66000,66000,66000,66000,66000,35,0,52000,42802.28910857197,4.728600004455075,66105.42789999454,4938.457142857143
1779624653,10,,Aggregated,0.300000,0.000000,52000,55000,57000,58000,61000,66000,66000,66000,66000,66000,66000,36,0,51000,42496.35738888942,4.728600004455075,66105.42789999454,4976.944444444444
1779624654,10,,Aggregated,0.300000,0.000000,52000,55000,57000,58000,61000,66000,66000,66000,66000,66000,66000,36,0,51000,42496.35738888942,4.728600004455075,66105.42789999454,4976.944444444444
1779624655,10,,Aggregated,0.300000,0.000000,52000,55000,57000,58000,61000,66000,66000,66000,66000,66000,66000,36,0,51000,42496.35738888942,4.728600004455075,66105.42789999454,4976.944444444444
1779624656,10,,Aggregated,0.300000,0.000000,52000,55000,57000,58000,61000,66000,66000,66000,66000,66000,66000,36,0,51000,42496.35738888942,4.728600004455075,66105.42789999454,4976.944444444444
1779624657,10,,Aggregated,0.300000,0.000000,52000,55000,57000,58000,61000,66000,66000,66000,66000,66000,66000,36,0,51000,42496.35738888942,4.728600004455075,66105.42789999454,4976.944444444444
1779624658,10,,Aggregated,0.200000,0.000000,51000,55000,57000,58000,61000,66000,66000,66000,66000,66000,66000,37,0,51000,42187.24055945987,4.728600004455075,66105.42789999454,5013.351351351352
1779624659,10,,Aggregated,0.200000,0.000000,51000,55000,57000,58000,61000,66000,66000,66000,66000,66000,66000,37,0,51000,42187.24055945987,4.728600004455075,66105.42789999454,5013.351351351352
1779624660,10,,Aggregated,0.200000,0.000000,51000,55000,57000,58000,61000,66000,66000,66000,66000,66000,66000,37,0,51000,42187.24055945987,4.728600004455075,66105.42789999454,5013.351351351352
1779624661,10,,Aggregated,0.200000,0.000000,51000,55000,57000,58000,61000,66000,66000,66000,66000,66000,66000,38,0,49000,41811.664557895136,4.728600004455075,66105.42789999454,5048.078947368421
1779624662,10,,Aggregated,0.200000,0.000000,51000,55000,57000,58000,61000,66000,66000,66000,66000,66000,66000,38,0,49000,41811.664557895136,4.728600004455075,66105.42789999454,5048.078947368421
1779624663,10,,Aggregated,0.200000,0.000000,51000,55000,57000,58000,61000,66000,66000,66000,66000,66000,66000,38,0,49000,41811.664557895136,4.728600004455075,66105.42789999454,5048.078947368421
1779624664,10,,Aggregated,0.200000,0.000000,51000,55000,57000,58000,61000,66000,66000,66000,66000,66000,66000,38,0,49000,41811.664557895136,4.728600004455075,66105.42789999454,5048.078947368421
1779624665,10,,Aggregated,0.200000,0.000000,51000,55000,57000,58000,61000,66000,66000,66000,66000,66000,66000,38,0,49000,41811.664557895136,4.728600004455075,66105.42789999454,5048.078947368421
1779624666,10,,Aggregated,0.200000,0.000000,51000,55000,57000,58000,61000,66000,66000,66000,66000,66000,66000,38,0,49000,41811.664557895136,4.728600004455075,66105.42789999454,5048.078947368421
1779624667,10,,Aggregated,0.200000,0.000000,51000,55000,57000,58000,61000,66000,66000,66000,66000,66000,66000,38,0,49000,41811.664557895136,4.728600004455075,66105.42789999454,5048.078947368421
1779624668,10,,Aggregated,0.200000,0.000000,51000,55000,57000,58000,61000,66000,66000,66000,66000,66000,66000,38,0,49000,41811.664557895136,4.728600004455075,66105.42789999454,5048.078947368421
1779624669,10,,Aggregated,0.200000,0.000000,51000,55000,57000,58000,61000,66000,66000,66000,66000,66000,66000,39,0,51000,42164.3303000004,4.728600004455075,66105.42789999454,5047.820512820513
1779624670,10,,Aggregated,0.200000,0.000000,51000,55000,57000,58000,61000,66000,66000,66000,66000,66000,66000,39,0,51000,42164.3303000004,4.728600004455075,66105.42789999454,5047.820512820513
1779624671,10,,Aggregated,0.100000,0.000000,52000,56000,57000,58000,61000,66000,66000,66000,66000,66000,66000,40,0,51000,42618.46317250056,4.728600004455075,66105.42789999454,5047.575
1779624672,10,,Aggregated,0.200000,0.000000,51000,56000,57000,58000,60000,66000,66000,66000,66000,66000,66000,41,0,51000,42239.83644634214,4.728600004455075,66105.42789999454,5039.487804878048
1779624673,10,,Aggregated,0.200000,0.000000,51000,56000,57000,58000,60000,66000,66000,66000,66000,66000,66000,41,0,51000,42239.83644634214,4.728600004455075,66105.42789999454,5039.487804878048
1779624674,10,,Aggregated,0.200000,0.000000,51000,56000,57000,58000,60000,66000,66000,66000,66000,66000,66000,41,0,51000,42239.83644634214,4.728600004455075,66105.42789999454,5039.487804878048
1779624675,10,,Aggregated,0.200000,0.000000,51000,56000,57000,58000,60000,66000,66000,66000,66000,66000,66000,41,0,51000,42239.83644634214,4.728600004455075,66105.42789999454,5039.487804878048
1779624676,10,,Aggregated,0.200000,0.000000,51000,56000,57000,58000,60000,66000,66000,66000,66000,66000,66000,41,0,51000,42239.83644634214,4.728600004455075,66105.42789999454,5039.487804878048
1779624677,10,,Aggregated,0.200000,0.000000,51000,56000,57000,58000,60000,66000,66000,66000,66000,66000,66000,41,0,51000,42239.83644634214,4.728600004455075,66105.42789999454,5039.487804878048
1779624678,10,,Aggregated,0.200000,0.000000,51000,56000,57000,58000,60000,66000,66000,66000,66000,66000,66000,41,0,51000,42239.83644634214,4.728600004455075,66105.42789999454,5039.487804878048
1779624679,10,,Aggregated,0.200000,0.000000,51000,56000,57000,58000,60000,66000,66000,66000,66000,66000,66000,41,0,51000,42239.83644634214,4.728600004455075,66105.42789999454,5039.487804878048
1779624680,10,,Aggregated,0.200000,0.000000,51000,56000,57000,58000,60000,66000,66000,66000,66000,66000,66000,41,0,51000,42239.83644634214,4.728600004455075,66105.42789999454,5039.487804878048
1779624681,10,,Aggregated,0.200000,0.000000,51000,56000,57000,58000,60000,66000,66000,66000,66000,66000,66000,41,0,51000,42239.83644634214,4.728600004455075,66105.42789999454,5039.487804878048
1779624682,10,,Aggregated,0.200000,0.000000,51000,56000,57000,58000,60000,66000,66000,66000,66000,66000,66000,41,0,51000,42239.83644634214,4.728600004455075,66105.42789999454,5039.487804878048
1779624683,10,,Aggregated,0.100000,0.000000,52000,56000,57000,58000,60000,66000,66000,66000,66000,66000,66000,42,0,51000,42571.395492857846,4.728600004455075,66105.42789999454,5021.309523809524
1779624684,10,,Aggregated,0.100000,0.000000,52000,56000,57000,58000,60000,66000,66000,66000,66000,66000,66000,42,0,51000,42571.395492857846,4.728600004455075,66105.42789999454,5021.309523809524
1779624685,10,,Aggregated,0.100000,0.000000,52000,56000,57000,58000,60000,66000,66000,66000,66000,66000,66000,42,0,51000,42571.395492857846,4.728600004455075,66105.42789999454,5021.309523809524
1779624686,10,,Aggregated,0.100000,0.000000,52000,56000,57000,58000,60000,66000,66000,66000,66000,66000,66000,42,0,51000,42571.395492857846,4.728600004455075,66105.42789999454,5021.309523809524
1779624687,10,,Aggregated,0.100000,0.000000,52000,56000,57000,58000,60000,66000,66000,66000,66000,66000,66000,42,0,51000,42571.395492857846,4.728600004455075,66105.42789999454,5021.309523809524
1779624688,10,,Aggregated,0.100000,0.000000,52000,56000,57000,58000,60000,66000,66000,66000,66000,66000,66000,42,0,51000,42571.395492857846,4.728600004455075,66105.42789999454,5021.309523809524
1779624689,10,,Aggregated,0.100000,0.000000,52000,56000,57000,58000,60000,66000,66000,66000,66000,66000,66000,42,0,51000,42571.395492857846,4.728600004455075,66105.42789999454,5021.309523809524
1779624690,10,,Aggregated,0.100000,0.000000,52000,56000,57000,58000,60000,66000,66000,66000,66000,66000,66000,42,0,51000,42571.395492857846,4.728600004455075,66105.42789999454,5021.309523809524
1779624691,10,,Aggregated,0.100000,0.000000,52000,56000,57000,58000,60000,66000,66000,66000,66000,66000,66000,42,0,51000,42571.395492857846,4.728600004455075,66105.42789999454,5021.309523809524
1779624692,10,,Aggregated,0.100000,0.000000,52000,56000,57000,58000,60000,66000,66000,66000,66000,66000,66000,42,0,51000,42571.395492857846,4.728600004455075,66105.42789999454,5021.309523809524
1779624693,10,,Aggregated,0.100000,0.000000,52000,56000,57000,58000,60000,66000,66000,66000,66000,66000,66000,42,0,51000,42571.395492857846,4.728600004455075,66105.42789999454,5021.309523809524
1779624694,10,,Aggregated,0.100000,0.000000,52000,56000,57000,58000,60000,66000,66000,66000,66000,66000,66000,42,0,51000,42571.395492857846,4.728600004455075,66105.42789999454,5021.309523809524
1779624695,10,,Aggregated,0.100000,0.000000,52000,56000,57000,58000,60000,66000,66000,66000,66000,66000,66000,42,0,51000,42571.395492857846,4.728600004455075,66105.42789999454,5021.309523809524
1779624696,10,,Aggregated,0.000000,0.000000,52000,56000,57000,58000,60000,66000,66000,66000,66000,66000,66000,43,0,52000,42935.958862791325,4.728600004455075,66105.42789999454,5042.232558139535
1779624697,10,,Aggregated,0.000000,0.000000,53000,56000,57000,58000,60000,66000,66000,66000,66000,66000,66000,44,0,52000,43164.066127273225,4.728600004455075,66105.42789999454,5024.818181818182
1779624698,10,,Aggregated,0.000000,0.000000,53000,56000,57000,58000,60000,66000,66000,66000,66000,66000,66000,44,0,52000,43164.066127273225,4.728600004455075,66105.42789999454,5024.818181818182
1779624699,10,,Aggregated,0.000000,0.000000,53000,56000,57000,58000,60000,66000,66000,66000,66000,66000,66000,44,0,52000,43164.066127273225,4.728600004455075,66105.42789999454,5024.818181818182
1779624700,10,,Aggregated,0.000000,0.000000,53000,56000,57000,58000,60000,66000,66000,66000,66000,66000,66000,44,0,52000,43164.066127273225,4.728600004455075,66105.42789999454,5024.818181818182
1779624701,10,,Aggregated,0.000000,0.000000,53000,56000,57000,58000,60000,66000,66000,66000,66000,66000,66000,44,0,52000,43164.066127273225,4.728600004455075,66105.42789999454,5024.818181818182
1779624702,10,,Aggregated,0.000000,0.000000,53000,56000,57000,58000,60000,66000,66000,66000,66000,66000,66000,44,0,52000,43164.066127273225,4.728600004455075,66105.42789999454,5024.818181818182
1779624703,10,,Aggregated,0.000000,0.000000,53000,56000,57000,58000,60000,66000,66000,66000,66000,66000,66000,44,0,52000,43164.066127273225,4.728600004455075,66105.42789999454,5024.818181818182
1779624704,10,,Aggregated,0.200000,0.000000,53000,56000,57000,58000,60000,66000,66000,66000,66000,66000,66000,45,0,53000,43408.32717333396,4.728600004455075,66105.42789999454,5048.622222222222
1779624705,10,,Aggregated,0.200000,0.000000,53000,56000,57000,58000,60000,66000,66000,66000,66000,66000,66000,45,0,53000,43408.32717333396,4.728600004455075,66105.42789999454,5048.622222222222
1779624706,10,,Aggregated,0.200000,0.000000,53000,56000,57000,58000,60000,66000,66000,66000,66000,66000,66000,45,0,53000,43408.32717333396,4.728600004455075,66105.42789999454,5048.622222222222
1779624707,10,,Aggregated,0.200000,0.000000,53000,56000,57000,58000,60000,66000,66000,66000,66000,66000,66000,45,0,53000,43408.32717333396,4.728600004455075,66105.42789999454,5048.622222222222
1779624708,10,,Aggregated,0.200000,0.000000,53000,56000,57000,58000,60000,66000,66000,66000,66000,66000,66000,45,0,53000,43408.32717333396,4.728600004455075,66105.42789999454,5048.622222222222
1779624709,10,,Aggregated,0.100000,0.000000,53000,56000,57000,58000,60000,66000,66000,66000,66000,66000,66000,46,0,53000,43631.1682630441,4.728600004455075,66105.42789999454,5053.413043478261
1779624710,10,,Aggregated,0.100000,0.000000,53000,56000,57000,58000,60000,66000,66000,66000,66000,66000,66000,46,0,53000,43631.1682630441,4.728600004455075,66105.42789999454,5053.413043478261
1779624711,10,,Aggregated,0.100000,0.000000,53000,56000,57000,58000,60000,66000,66000,66000,66000,66000,66000,46,0,53000,43631.1682630441,4.728600004455075,66105.42789999454,5053.413043478261
1779624712,10,,Aggregated,0.100000,0.000000,53000,56000,57000,58000,60000,66000,66000,66000,66000,66000,66000,46,0,53000,43631.1682630441,4.728600004455075,66105.42789999454,5053.413043478261
1779624713,10,,Aggregated,0.100000,0.000000,53000,56000,57000,58000,60000,66000,66000,66000,66000,66000,66000,46,0,53000,43631.1682630441,4.728600004455075,66105.42789999454,5053.413043478261
1779624714,10,,Aggregated,0.100000,0.000000,53000,56000,57000,58000,60000,66000,66000,66000,66000,66000,66000,46,0,53000,43631.1682630441,4.728600004455075,66105.42789999454,5053.413043478261
1779624715,10,,Aggregated,0.200000,0.000000,53000,56000,57000,58000,60000,66000,66000,66000,66000,66000,66000,47,0,53000,43887.392855319624,4.728600004455075,66105.42789999454,5051.63829787234
1779624716,10,,Aggregated,0.200000,0.000000,53000,56000,57000,58000,60000,66000,66000,66000,66000,66000,66000,47,0,53000,43887.392855319624,4.728600004455075,66105.42789999454,5051.63829787234
1779624717,10,,Aggregated,0.200000,0.000000,53000,56000,57000,58000,60000,66000,66000,66000,66000,66000,66000,47,0,53000,43887.392855319624,4.728600004455075,66105.42789999454,5051.63829787234
1779624718,10,,Aggregated,0.200000,0.000000,53000,56000,57000,58000,60000,66000,66000,66000,66000,66000,66000,47,0,53000,43887.392855319624,4.728600004455075,66105.42789999454,5051.63829787234
1779624719,10,,Aggregated,0.200000,0.000000,54000,56000,57000,58000,60000,66000,66000,66000,66000,66000,66000,48,0,53000,44149.12331666709,4.728600004455075,66105.42789999454,5051.354166666667
1779624720,10,,Aggregated,0.200000,0.000000,54000,56000,57000,58000,60000,66000,66000,66000,66000,66000,66000,48,0,53000,44149.12331666709,4.728600004455075,66105.42789999454,5051.354166666667
1779624721,10,,Aggregated,0.200000,0.000000,54000,56000,57000,58000,60000,66000,66000,66000,66000,66000,66000,48,0,53000,44149.12331666709,4.728600004455075,66105.42789999454,5051.354166666667
1779624722,10,,Aggregated,0.200000,0.000000,54000,56000,57000,58000,60000,66000,66000,66000,66000,66000,66000,48,0,53000,44149.12331666709,4.728600004455075,66105.42789999454,5051.354166666667
1779624723,10,,Aggregated,0.200000,0.000000,54000,56000,57000,58000,60000,66000,66000,66000,66000,66000,66000,48,0,53000,44149.12331666709,4.728600004455075,66105.42789999454,5051.354166666667
1779624724,10,,Aggregated,0.200000,0.000000,54000,56000,57000,58000,60000,66000,66000,66000,66000,66000,66000,48,0,53000,44149.12331666709,4.728600004455075,66105.42789999454,5051.354166666667
1779624725,10,,Aggregated,0.200000,0.000000,54000,56000,56000,58000,60000,66000,66000,66000,66000,66000,66000,49,0,54000,44353.10351836752,4.728600004455075,66105.42789999454,5061.489795918367
1779624726,10,,Aggregated,0.200000,0.000000,54000,56000,56000,58000,60000,66000,66000,66000,66000,66000,66000,49,0,54000,44353.10351836752,4.728600004455075,66105.42789999454,5061.489795918367
1779624727,10,,Aggregated,0.200000,0.000000,54000,56000,56000,58000,60000,66000,66000,66000,66000,66000,66000,49,0,54000,44353.10351836752,4.728600004455075,66105.42789999454,5061.489795918367
1779624728,10,,Aggregated,0.200000,0.000000,54000,56000,56000,58000,60000,66000,66000,66000,66000,66000,66000,49,0,54000,44353.10351836752,4.728600004455075,66105.42789999454,5061.489795918367
1779624729,10,,Aggregated,0.200000,0.000000,54000,56000,56000,58000,60000,66000,66000,66000,66000,66000,66000,49,0,54000,44353.10351836752,4.728600004455075,66105.42789999454,5061.489795918367
1779624730,10,,Aggregated,0.200000,0.000000,54000,56000,56000,58000,60000,66000,66000,66000,66000,66000,66000,50,0,54000,44571.126072000174,4.728600004455075,66105.42789999454,5090.76
1779624731,10,,Aggregated,0.200000,0.000000,54000,56000,56000,58000,60000,66000,66000,66000,66000,66000,66000,50,0,54000,44571.126072000174,4.728600004455075,66105.42789999454,5090.76
1779624732,10,,Aggregated,0.200000,0.000000,54000,56000,56000,58000,60000,66000,66000,66000,66000,66000,66000,50,0,54000,44571.126072000174,4.728600004455075,66105.42789999454,5090.76
1779624733,10,,Aggregated,0.200000,0.000000,54000,56000,56000,58000,60000,66000,66000,66000,66000,66000,66000,50,0,54000,44571.126072000174,4.728600004455075,66105.42789999454,5090.76
1779624734,10,,Aggregated,0.200000,0.000000,54000,56000,57000,58000,60000,66000,66000,66000,66000,66000,66000,51,0,54000,44905.36727451013,4.728600004455075,66105.42789999454,5110.470588235294
1779624735,10,,Aggregated,0.200000,0.000000,54000,56000,57000,58000,60000,66000,66000,66000,66000,66000,66000,51,0,54000,44905.36727451013,4.728600004455075,66105.42789999454,5110.470588235294
1779624736,10,,Aggregated,0.200000,0.000000,54000,56000,57000,58000,60000,66000,66000,66000,66000,66000,66000,51,0,54000,44905.36727451013,4.728600004455075,66105.42789999454,5110.470588235294
1779624737,10,,Aggregated,0.200000,0.000000,54000,56000,57000,58000,60000,66000,66000,66000,66000,66000,66000,51,0,54000,44905.36727451013,4.728600004455075,66105.42789999454,5110.470588235294
1779624738,10,,Aggregated,0.200000,0.000000,54000,56000,57000,58000,60000,66000,66000,66000,66000,66000,66000,51,0,54000,44905.36727451013,4.728600004455075,66105.42789999454,5110.470588235294
1779624739,10,,Aggregated,0.200000,0.000000,54000,56000,57000,58000,60000,66000,66000,66000,66000,66000,66000,51,0,54000,44905.36727451013,4.728600004455075,66105.42789999454,5110.470588235294
1779624740,10,,Aggregated,0.200000,0.000000,54000,56000,57000,58000,60000,66000,66000,66000,66000,66000,66000,51,0,54000,44905.36727451013,4.728600004455075,66105.42789999454,5110.470588235294
1779624741,10,,Aggregated,0.200000,0.000000,54000,56000,57000,58000,60000,66000,66000,66000,66000,66000,66000,51,0,54000,44905.36727451013,4.728600004455075,66105.42789999454,5110.470588235294
1779624742,10,,Aggregated,0.200000,0.000000,54000,56000,57000,58000,60000,66000,66000,66000,66000,66000,66000,51,0,54000,44905.36727451013,4.728600004455075,66105.42789999454,5110.470588235294
1779624743,10,,Aggregated,0.200000,0.000000,54000,56000,57000,58000,60000,66000,66000,66000,66000,66000,66000,52,0,54000,45152.25057884637,4.728600004455075,66105.42789999454,5113.5192307692305
1779624744,10,,Aggregated,0.200000,0.000000,54000,56000,57000,58000,60000,66000,66000,66000,66000,66000,66000,52,0,54000,45152.25057884637,4.728600004455075,66105.42789999454,5113.5192307692305
1779624745,10,,Aggregated,0.200000,0.000000,54000,56000,57000,58000,60000,66000,66000,66000,66000,66000,66000,52,0,54000,45152.25057884637,4.728600004455075,66105.42789999454,5113.5192307692305
1779624746,10,,Aggregated,0.200000,0.000000,54000,56000,57000,58000,60000,66000,66000,66000,66000,66000,66000,52,0,54000,45152.25057884637,4.728600004455075,66105.42789999454,5113.5192307692305
1779624747,10,,Aggregated,0.200000,0.000000,54000,56000,57000,58000,60000,66000,66000,66000,66000,66000,66000,52,0,54000,45152.25057884637,4.728600004455075,66105.42789999454,5113.5192307692305
1779624748,10,,Aggregated,0.200000,0.000000,54000,56000,57000,58000,60000,66000,66000,66000,66000,66000,66000,52,0,54000,45152.25057884637,4.728600004455075,66105.42789999454,5113.5192307692305
1779624749,10,,Aggregated,0.200000,0.000000,54000,56000,57000,58000,60000,66000,66000,66000,66000,66000,66000,52,0,54000,45152.25057884637,4.728600004455075,66105.42789999454,5113.5192307692305
1779624750,10,,Aggregated,0.200000,0.000000,54000,56000,57000,58000,60000,66000,66000,66000,66000,66000,66000,52,0,54000,45152.25057884637,4.728600004455075,66105.42789999454,5113.5192307692305
1779624751,10,,Aggregated,0.200000,0.000000,54000,56000,57000,58000,60000,66000,66000,66000,66000,66000,66000,52,0,54000,45152.25057884637,4.728600004455075,66105.42789999454,5113.5192307692305
1779624752,10,,Aggregated,0.200000,0.000000,54000,56000,57000,58000,60000,66000,66000,66000,66000,66000,66000,52,0,54000,45152.25057884637,4.728600004455075,66105.42789999454,5113.5192307692305
1779624753,10,,Aggregated,0.200000,0.000000,54000,56000,57000,58000,60000,66000,66000,66000,66000,66000,66000,52,0,54000,45152.25057884637,4.728600004455075,66105.42789999454,5113.5192307692305
1779624754,10,,Aggregated,0.100000,0.000000,54000,56000,57000,58000,60000,66000,66000,66000,66000,66000,66000,53,0,54000,45332.38713207591,4.728600004455075,66105.42789999454,5110.811320754717
1779624755,10,,Aggregated,0.000000,0.000000,54000,56000,57000,58000,60000,66000,66000,66000,66000,66000,66000,54,0,54000,45004.83551481521,4.728600004455075,66105.42789999454,5095.611111111111
1779624756,10,,Aggregated,0.000000,0.000000,54000,56000,57000,58000,60000,66000,66000,66000,66000,66000,66000,54,0,54000,45004.83551481521,4.728600004455075,66105.42789999454,5095.611111111111
1779624757,10,,Aggregated,0.000000,0.000000,54000,56000,57000,58000,60000,66000,66000,66000,66000,66000,66000,54,0,54000,45004.83551481521,4.728600004455075,66105.42789999454,5095.611111111111
1779624758,10,,Aggregated,0.000000,0.000000,54000,56000,57000,58000,60000,66000,66000,66000,66000,66000,66000,54,0,54000,45004.83551481521,4.728600004455075,66105.42789999454,5095.611111111111
1779624759,10,,Aggregated,0.200000,0.000000,54000,56000,57000,58000,60000,66000,66000,66000,66000,66000,66000,55,0,54000,45275.54200000064,4.728600004455075,66105.42789999454,5093.327272727272
1779624760,10,,Aggregated,0.200000,0.000000,54000,56000,57000,58000,60000,66000,66000,66000,66000,66000,66000,55,0,54000,45275.54200000064,4.728600004455075,66105.42789999454,5093.327272727272
1779624761,10,,Aggregated,0.200000,0.000000,54000,56000,57000,58000,60000,66000,66000,66000,66000,66000,66000,55,0,54000,45275.54200000064,4.728600004455075,66105.42789999454,5093.327272727272
1779624762,10,,Aggregated,0.200000,0.000000,54000,56000,57000,58000,60000,66000,66000,66000,66000,66000,66000,55,0,54000,45275.54200000064,4.728600004455075,66105.42789999454,5093.327272727272
1779624763,10,,Aggregated,0.300000,0.000000,54000,56000,57000,58000,60000,66000,66000,66000,66000,66000,66000,56,0,54000,45413.31267142906,4.728600004455075,66105.42789999454,5101.446428571428
1779624764,10,,Aggregated,0.300000,0.000000,54000,56000,57000,58000,60000,66000,66000,66000,66000,66000,66000,56,0,54000,45413.31267142906,4.728600004455075,66105.42789999454,5101.446428571428
1779624765,10,,Aggregated,0.300000,0.000000,54000,56000,57000,58000,60000,66000,66000,66000,66000,66000,66000,57,0,54000,45670.41746491265,4.728600004455075,66105.42789999454,5097.298245614035
1779624766,10,,Aggregated,0.300000,0.000000,54000,56000,57000,58000,60000,66000,66000,66000,66000,66000,66000,57,0,54000,45670.41746491265,4.728600004455075,66105.42789999454,5097.298245614035
1779624767,10,,Aggregated,0.300000,0.000000,54000,56000,57000,58000,60000,66000,66000,66000,66000,66000,66000,57,0,54000,45670.41746491265,4.728600004455075,66105.42789999454,5097.298245614035
1779624768,10,,Aggregated,0.300000,0.000000,54000,56000,57000,58000,60000,66000,66000,66000,66000,66000,66000,57,0,54000,45670.41746491265,4.728600004455075,66105.42789999454,5097.298245614035
